Identifier,birthdate,name
205,1995-09-18,Zara Windwhisper
212,1994-12-28,Thalia Skylark
210,1993-08-21,Selene Shadowdancer
203,1992-12-10,Lyra Nightshade
208,1991-11-02,Eldrin Stormforge
213,1990-09-13,Tyrus Duskborn
206,1990-06-23,Talon Ironheart
201,1990-03-15,Aeliana Stormrider
209,1989-05-14,Rowan Frostblade
204,1988-01-06,Dorin Starseeker
211,1987-02-08,Jorin Brightstar
215,1986-07-02,Xander Flamecaster
214,1985-10-30,Mira Stoneweaver
202,1985-07-24,Kael Sunstrike
207,1984-04-11,Kara Firebrand
