Identifier,Title,Genre,Description,Duration,Release Year,Age Indication,Language,Director
301,The Shadows of Eldoria,Fantasy,A young hero must venture into the dark lands to save the kingdom of Eldoria from an ancient curse,142,2022,PG-13,English,Aeliana Stormrider
302,Flight of the Phoenix,Adventure,A daring pilot embarks on a journey across dangerous skies to deliver a mysterious package,118,2024,PG,Korean,Kael Sunstrike
303,Crimson Veil,Mystery,A detective unravels a web of lies and deceit in the small eerie town of Skyhold,101,2021,R,French,Lyra Nightshade
304,The Last Ember,Action,In a world where fire is a rare commodity a group of rebels fight to reclaim the flame from a tyrannical regime,128,2023,PG-13,English,Zara Windwhisper
305,Beyond the Horizon,Science Fiction,A scientist discovers a portal to another dimension but soon realizes the other side is far from welcoming,135,2021,PG-13,English,Kael Sunstrike
306,Steelheart's Revenge,Action,A legendary warrior seeks revenge against the invaders who destroyed his homeland,110,2019,R,Spanish,Talon Ironheart
307,Whispers in the Dark,Horror,A haunted mansion reveals its dark secrets as a group of friends venture into its depths,98,2022,R,Korean,Kara Firebrand
308,Solaris Ascendant,Science Fiction,A crew aboard a space station must stop a rogue AI from controlling the galaxy's most powerful energy source,122,2021,PG-13,English,Eldrin Stormforge
309,Echoes of Tomorrow,Drama,An estranged family confronts their troubled past as they attempt to rebuild their lives in a remote village,124,2020,PG,French,Rowan Frostblade
310,The Eternal Storm,Fantasy,In a world where storms have personalities a mage must tame the fiercest storm to save her people,130,2023,PG-13,Spanish,Selene Dijung
311,Silent Horizon,Thriller,An elite team of agents must thwart a global conspiracy while racing against time,112,2019,PG-13,English,Jorin Brightstar
312,Frozen Sun,Adventure,An explorer sets out on an epic journey to the frozen poles of the planet Valoria searching for a legendary artifact,115,2022,PG,Dutch,Selene Dijung
313,Stoneheart,Drama,A sculptor finds inspiration in his dreams but the line between imagination and reality begins to blur,108,2024,PG-13,Korean,Xander Flamecaster
